'Id','Fname','Lname','Population','Rating','Country_Id'
'1','Amit','Sharma','120000','5','1'
'4','Anjali','Patel','60000','5','3'
'8','Manish','Gupta','50000','5','7'
'2','Ravi','Kumar','150000','4','1'
'6','Neha','Yadav','70000','4','5'
'12','Meena','null','40000','4','2'
'3','Sita','Verma','50000','3','2'
'7','Priya','Agarwal','30000','3','6'
'11','vikash','null','55000','3','1'
'5','Raj','Singh','20000','2','4'
'10','Arjun','Joshi','35000','2','9'
'9','Deepika','Reddy','25000','1','8'
